customer_id,name,region,signup_date
CUST-0001,Tomas Berg,south,2023-08-09
CUST-0002,Nina Iyer,north,2024-11-25
CUST-0003,Tomas Rao,south,2025-02-10
CUST-0004,Ravi Okafor,north,2025-07-09
CUST-0005,Ravi Chen,south,2024-01-23
CUST-0006,Omar Iyer,west,2025-09-20
CUST-0007,Sara Okafor,north,2025-06-01
CUST-0008,Omar Rao,east,2025-05-11
CUST-0009,Jonas Okafor,north,2025-09-11
CUST-0010,Ana Haddad,east,2023-12-15
CUST-0011,Diego Novak,east,2025-01-30
CUST-0012,Tomas Silva,east,2025-05-11
CUST-0013,Nina Chen,north,2025-07-30
CUST-0014,Priya Berg,south,2023-12-06
CUST-0015,Tomas Silva,west,2025-11-09
CUST-0016,Ravi Kaur,south,2024-12-05
CUST-0017,Ravi Vargas,north,2023-12-04
CUST-0018,Priya Vargas,south,2023-08-21
CUST-0019,Diego Haddad,south,2025-08-16
CUST-0020,Tomas Iyer,west,2025-11-30
CUST-0021,Diego Haddad,north,2025-09-23
CUST-0022,Priya Okafor,north,2024-03-25
CUST-0023,Mei Rao,west,2024-10-30
CUST-0024,Tomas Kaur,west,2024-09-25
CUST-0025,Tomas Okafor,north,2024-09-12
CUST-0026,Ana Rao,east,2025-09-10
CUST-0027,Mei Silva,south,2025-05-29
CUST-0028,Tomas Berg,east,2023-09-13
CUST-0029,Nina Berg,east,2023-11-28
CUST-0030,Mei Chen,west,2024-02-21
CUST-0031,Diego Novak,north,2024-03-24
CUST-0032,Jonas Silva,west,2024-11-30
CUST-0033,Ana Kaur,north,2024-06-04
CUST-0034,Sara Vargas,west,2024-04-23
CUST-0035,Sara Haddad,west,2024-02-14
CUST-0036,Nina Kaur,north,2024-08-31
CUST-0037,Mei Silva,east,2025-04-08
CUST-0038,Omar Kaur,north,2023-09-25
CUST-0039,Omar Okafor,south,2024-07-07
CUST-0040,Mei Silva,north,2024-07-26
CUST-0041,Priya Okafor,south,2024-07-24
CUST-0042,Tomas Iyer,east,2025-08-06
CUST-0043,Sara Haddad,west,2025-04-04
CUST-0044,Priya Silva,north,2023-08-17
CUST-0045,Omar Kaur,south,2024-08-22
CUST-0046,Diego Chen,south,2024-02-25
CUST-0047,Nina Okafor,north,2025-11-26
CUST-0048,Diego Kaur,east,2024-08-29
CUST-0049,Jonas Novak,north,2023-09-29
CUST-0050,Ana Vargas,west,2024-09-24
CUST-0051,Ravi Iyer,west,2024-03-31
CUST-0052,Priya Kaur,north,2024-11-20
CUST-0053,Omar Novak,east,2024-11-30
CUST-0054,Diego Rao,south,2024-04-29
CUST-0055,Jonas Vargas,south,2023-08-22
CUST-0056,Mei Iyer,north,2025-04-14
CUST-0057,Nina Vargas,east,2024-02-18
CUST-0058,Omar Haddad,south,2024-12-03
CUST-0059,Jonas Iyer,east,2025-01-08
CUST-0060,Priya Silva,south,2025-05-08
CUST-0061,Priya Vargas,north,2024-09-09
CUST-0062,Diego Kaur,west,2025-04-23
CUST-0063,Omar Haddad,north,2024-04-07
CUST-0064,Sara Okafor,east,2025-01-25
CUST-0065,Jonas Kaur,west,2023-11-23
CUST-0066,Priya Chen,west,2024-08-07
CUST-0067,Jonas Haddad,west,2024-11-12
CUST-0068,Jonas Kaur,west,2024-09-30
CUST-0069,Diego Vargas,south,2025-07-15
CUST-0070,Sara Kaur,west,2024-03-04
CUST-0071,Jonas Chen,east,2025-03-07
CUST-0072,Priya Novak,west,2024-12-05
CUST-0073,Tomas Iyer,west,2024-02-20
CUST-0074,Nina Silva,west,2025-08-22
CUST-0075,Tomas Novak,east,2023-11-17
CUST-0076,Ravi Iyer,north,2023-09-10
CUST-0077,Omar Vargas,south,2025-07-24
CUST-0078,Diego Haddad,west,2025-10-26
CUST-0079,Priya Chen,east,2025-05-12
CUST-0080,Jonas Kaur,north,2024-11-11
CUST-0081,Sara Rao,north,2025-01-25
CUST-0082,Sara Novak,east,2024-12-16
CUST-0083,Jonas Berg,north,2024-10-20
CUST-0084,Mei Vargas,west,2025-08-14
CUST-0085,Omar Novak,south,2024-09-14
CUST-0086,Tomas Berg,north,2023-11-30
CUST-0087,Priya Chen,east,2025-10-18
CUST-0088,Omar Iyer,east,2024-02-13
CUST-0089,Nina Silva,south,2023-11-09
CUST-0090,Sara Chen,north,2025-11-04
CUST-0091,Tomas Berg,south,2025-03-06
CUST-0092,Tomas Chen,south,2023-12-06
CUST-0093,Priya Berg,west,2025-07-18
CUST-0094,Omar Kaur,south,2025-03-08
CUST-0095,Sara Okafor,north,2024-12-21
CUST-0096,Omar Okafor,south,2024-01-23
CUST-0097,Diego Iyer,north,2024-08-05
CUST-0098,Mei Novak,north,2024-01-10
CUST-0099,Mei Okafor,north,2024-06-06
CUST-0100,Priya Berg,west,2024-04-12
CUST-0101,Ravi Silva,west,2023-11-12
CUST-0102,Ravi Chen,east,2025-10-28
CUST-0103,Tomas Berg,north,2023-11-03
CUST-0104,Diego Silva,east,2024-04-18
CUST-0105,Ana Iyer,east,2025-01-11
CUST-0106,Ravi Haddad,east,2023-09-12
CUST-0107,Priya Vargas,north,2024-07-02
CUST-0108,Ana Chen,south,2025-01-19
CUST-0109,Sara Iyer,west,2024-06-30
CUST-0110,Sara Vargas,south,2024-04-26
CUST-0111,Nina Novak,west,2024-09-07
CUST-0112,Tomas Vargas,south,2023-09-20
CUST-0113,Sara Vargas,south,2023-11-19
CUST-0114,Sara Iyer,west,2025-11-23
CUST-0115,Nina Rao,south,2024-01-23
CUST-0116,Sara Novak,east,2024-05-07
CUST-0117,Priya Berg,east,2025-07-30
CUST-0118,Diego Haddad,south,2023-12-19
CUST-0119,Sara Vargas,north,2025-04-25
CUST-0120,Mei Kaur,west,2024-09-04
CUST-0121,Sara Iyer,north,2024-05-01
CUST-0122,Nina Silva,north,2024-07-03
CUST-0123,Ravi Novak,north,2025-10-12
CUST-0124,Omar Iyer,south,2024-05-25
CUST-0125,Nina Chen,north,2025-06-02
CUST-0126,Priya Kaur,south,2025-07-20
CUST-0127,Ana Okafor,west,2025-03-07
CUST-0128,Nina Silva,west,2024-01-18
CUST-0129,Diego Silva,east,2024-08-04
CUST-0130,Diego Rao,east,2024-02-01
CUST-0131,Omar Vargas,east,2024-08-01
CUST-0132,Ana Vargas,south,2024-07-29
CUST-0133,Mei Iyer,east,2024-02-29
CUST-0134,Priya Haddad,south,2025-02-15
CUST-0135,Omar Haddad,west,2024-12-22
CUST-0136,Ravi Berg,east,2023-12-16
CUST-0137,Jonas Silva,west,2025-07-20
CUST-0138,Priya Iyer,west,2025-09-15
CUST-0139,Ravi Berg,south,2024-04-30
CUST-0140,Priya Iyer,north,2024-08-21
CUST-0141,Diego Okafor,north,2025-01-12
CUST-0142,Ana Vargas,west,2024-04-17
CUST-0143,Ana Vargas,west,2023-10-06
CUST-0144,Ana Vargas,north,2024-05-26
CUST-0145,Sara Kaur,east,2025-02-23
CUST-0146,Jonas Kaur,north,2024-01-07
CUST-0147,Priya Iyer,north,2023-08-29
CUST-0148,Nina Iyer,east,2024-06-14
CUST-0149,Priya Chen,west,2025-08-02
CUST-0150,Ana Kaur,east,2023-08-05
CUST-0151,Mei Novak,south,2023-09-23
CUST-0152,Ravi Okafor,north,2025-04-28
CUST-0153,Ana Vargas,north,2023-09-12
CUST-0154,Ana Okafor,south,2025-11-04
CUST-0155,Omar Silva,east,2024-08-21
CUST-0156,Jonas Rao,west,2023-10-12
CUST-0157,Mei Chen,west,2023-11-06
CUST-0158,Sara Silva,west,2025-07-25
CUST-0159,Tomas Iyer,north,2025-11-03
CUST-0160,Ravi Kaur,north,2025-05-18
CUST-0161,Diego Haddad,north,2025-04-18
CUST-0162,Ravi Chen,east,2025-06-21
CUST-0163,Mei Berg,east,2025-08-01
CUST-0164,Tomas Iyer,south,2025-02-20
CUST-0165,Diego Haddad,south,2024-10-31
CUST-0166,Omar Iyer,west,2024-03-25
CUST-0167,Nina Novak,south,2025-04-22
CUST-0168,Omar Kaur,south,2024-08-27
CUST-0169,Omar Okafor,west,2023-11-23
CUST-0170,Jonas Rao,north,2024-03-04
CUST-0171,Mei Haddad,north,2025-09-27
CUST-0172,Priya Novak,east,2024-07-16
CUST-0173,Sara Chen,south,2024-11-04
CUST-0174,Tomas Novak,south,2025-06-27
CUST-0175,Priya Silva,south,2024-07-12
CUST-0176,Ravi Berg,north,2024-02-28
CUST-0177,Jonas Rao,south,2025-04-02
CUST-0178,Jonas Haddad,south,2024-05-31
CUST-0179,Ravi Iyer,south,2024-12-11
CUST-0180,Priya Haddad,south,2025-01-01
CUST-0181,Omar Haddad,north,2024-05-03
CUST-0182,Mei Novak,south,2024-08-20
CUST-0183,Diego Rao,south,2023-11-14
CUST-0184,Jonas Berg,south,2023-12-22
CUST-0185,Mei Berg,north,2025-10-31
CUST-0186,Ana Novak,north,2024-03-06
CUST-0187,Omar Okafor,west,2023-08-08
CUST-0188,Ravi Rao,west,2024-08-07
CUST-0189,Ana Rao,west,2025-03-04
CUST-0190,Priya Novak,west,2024-10-09
CUST-0191,Priya Kaur,north,2025-01-04
CUST-0192,Nina Haddad,south,2023-08-19
CUST-0193,Diego Chen,north,2024-07-14
CUST-0194,Omar Kaur,west,2023-10-27
CUST-0195,Ravi Kaur,east,2025-11-15
CUST-0196,Priya Iyer,north,2024-04-17
CUST-0197,Mei Iyer,north,2025-06-12
CUST-0198,Ravi Berg,west,2024-01-04
CUST-0199,Diego Novak,west,2024-02-11
CUST-0200,Ravi Haddad,east,2025-03-07
