order_id,customer_id,status,amount,ordered_at
ORD-00001,CUST-0084,shipped,126.16,2025-01-01 00:00:00
ORD-00002,CUST-0194,shipped,111.03,2025-01-01 06:00:00
ORD-00003,CUST-0022,open,105.85,2025-01-01 12:00:00
ORD-00004,CUST-0132,open,267.29,2025-01-01 18:00:00
ORD-00005,CUST-0146,open,321.75,2025-01-02 00:00:00
ORD-00006,CUST-0086,open,208.98,2025-01-02 06:00:00
ORD-00007,CUST-0016,closed,137.02,2025-01-02 12:00:00
ORD-00008,,open,222.29,2025-01-02 18:00:00
ORD-00009,CUST-0087,open,159.94,2025-01-03 00:00:00
ORD-00010,CUST-0175,open,228.08,2025-01-03 06:00:00
ORD-00011,CUST-0137,shipped,197.46,2025-01-03 12:00:00
ORD-00012,CUST-0069,open,196.78,2025-01-03 18:00:00
ORD-00013,CUST-0012,shipped,216.44,2025-01-04 00:00:00
ORD-00014,CUST-0119,open,145.23,2025-01-04 06:00:00
ORD-00015,CUST-0056,open,155.74,2025-01-04 12:00:00
ORD-00016,CUST-0137,closed,76.73,2025-01-04 18:00:00
ORD-00017,CUST-0173,open,153.49,2025-01-05 00:00:00
ORD-00018,CUST-0072,shipped,94.66,2025-01-05 06:00:00
ORD-00019,CUST-0181,shipped,171.32,2025-01-05 12:00:00
ORD-00020,CUST-0104,shipped,122.54,2025-01-05 18:00:00
ORD-00021,CUST-0107,closed,186.07,2025-01-06 00:00:00
ORD-00022,CUST-0154,open,207.19,2025-01-06 06:00:00
ORD-00023,CUST-0158,closed,94.79,2025-01-06 12:00:00
ORD-00024,CUST-0182,closed,131.2,2025-01-06 18:00:00
ORD-00025,CUST-0200,shipped,123.4,2025-01-07 00:00:00
ORD-00026,CUST-0031,open,224.79,2025-01-07 06:00:00
ORD-00027,CUST-0083,shipped,282.38,2025-01-07 12:00:00
ORD-00028,CUST-0187,shipped,231.09,2025-01-07 18:00:00
ORD-00029,CUST-0062,closed,159.03,2025-01-08 00:00:00
ORD-00030,CUST-0002,open,267.9,2025-01-08 06:00:00
ORD-00031,CUST-0116,closed,89.15,2025-01-08 12:00:00
ORD-00032,CUST-0151,closed,269.96,2025-01-08 18:00:00
ORD-00033,CUST-0149,open,140.63,2025-01-09 00:00:00
ORD-00034,CUST-9991,shipped,13.18,2025-01-09 06:00:00
ORD-00035,CUST-0129,open,339.05,2025-01-09 12:00:00
ORD-00036,CUST-0028,closed,274.68,2025-01-09 18:00:00
ORD-00037,CUST-0170,closed,118.09,2025-01-10 00:00:00
ORD-00038,CUST-0084,closed,190.14,2025-01-10 06:00:00
ORD-00039,CUST-0170,shipped,167.13,2025-01-10 12:00:00
ORD-00040,CUST-0164,shipped,186.13,2025-01-10 18:00:00
ORD-00041,CUST-0195,shipped,91.0,2025-01-11 00:00:00
ORD-00042,CUST-0003,shipped,139.11,2025-01-11 06:00:00
ORD-00043,CUST-0174,closed,208.08,2025-01-11 12:00:00
ORD-00044,CUST-0126,shipped,193.36,2025-01-11 18:00:00
ORD-00045,CUST-0098,shipped,251.95,2025-01-12 00:00:00
ORD-00046,CUST-0159,shipped,184.79,2025-01-12 06:00:00
ORD-00047,CUST-0191,open,320.95,2025-01-12 12:00:00
ORD-00048,CUST-0103,closed,137.06,2025-01-12 18:00:00
ORD-00049,CUST-0018,shipped,195.56,2025-01-13 00:00:00
ORD-00050,CUST-0146,shipped,65.02,2025-01-13 06:00:00
ORD-00051,CUST-0047,closed,104.81,2025-01-13 12:00:00
ORD-00052,CUST-0046,closed,259.71,2025-01-13 18:00:00
ORD-00053,CUST-0039,shipped,123.43,2025-01-14 00:00:00
ORD-00054,CUST-0040,open,211.84,2025-01-14 06:00:00
ORD-00055,CUST-0182,open,176.29,2025-01-14 12:00:00
ORD-00056,CUST-0073,open,117.33,2025-01-14 18:00:00
ORD-00057,CUST-0022,shipped,159.11,2025-01-15 00:00:00
ORD-00058,CUST-0036,shipped,149.15,2025-01-15 06:00:00
ORD-00059,CUST-0079,closed,150.76,2025-01-15 12:00:00
ORD-00060,CUST-0070,open,225.22,2025-01-15 18:00:00
ORD-00061,CUST-0063,closed,219.14,2025-01-16 00:00:00
ORD-00062,CUST-0190,pending_review,145.35,2025-01-16 06:00:00
ORD-00063,CUST-0174,closed,125.57,2025-01-16 12:00:00
ORD-00064,CUST-0115,shipped,196.94,2025-01-16 18:00:00
ORD-00065,CUST-0198,open,174.0,2025-01-17 00:00:00
ORD-00066,CUST-0069,closed,241.7,2025-01-17 06:00:00
ORD-00067,CUST-0028,open,339.32,2025-01-17 12:00:00
ORD-00068,CUST-0055,open,230.58,2025-01-17 18:00:00
ORD-00069,CUST-0018,closed,177.92,2025-01-18 00:00:00
ORD-00070,CUST-0191,shipped,169.68,2025-01-18 06:00:00
ORD-00071,CUST-0044,open,128.6,2025-01-18 12:00:00
ORD-00072,CUST-0089,open,125.6,2025-01-18 18:00:00
ORD-00073,CUST-0041,closed,119.8,2025-01-19 00:00:00
ORD-00074,CUST-0197,open,156.28,2025-01-19 06:00:00
ORD-00075,CUST-0032,closed,154.37,2025-01-19 12:00:00
ORD-00076,CUST-0104,open,224.62,2025-01-19 18:00:00
ORD-00077,CUST-0191,closed,156.06,2025-01-20 00:00:00
ORD-00078,CUST-0105,open,168.15,2025-01-20 06:00:00
ORD-00079,CUST-0180,shipped,106.9,2025-01-20 12:00:00
ORD-00080,CUST-0180,open,278.67,2025-01-20 18:00:00
ORD-00081,CUST-0154,shipped,210.42,2025-01-21 00:00:00
ORD-00082,CUST-0149,closed,287.33,2025-01-21 06:00:00
ORD-00083,CUST-0116,open,227.81,2025-01-21 12:00:00
ORD-00084,CUST-0117,open,269.38,2025-01-21 18:00:00
ORD-00085,CUST-0167,closed,165.09,2025-01-22 00:00:00
ORD-00086,CUST-0086,shipped,223.03,2025-01-22 06:00:00
ORD-00087,CUST-0190,shipped,342.33,2025-01-22 12:00:00
ORD-00088,CUST-0176,shipped,106.59,2025-01-22 18:00:00
ORD-00089,,shipped,250.58,2025-01-23 00:00:00
ORD-00090,CUST-0083,closed,281.88,2025-01-23 06:00:00
ORD-00091,CUST-0143,open,205.27,2025-01-23 12:00:00
ORD-00092,CUST-0185,closed,225.91,2025-01-23 18:00:00
ORD-00093,CUST-0020,shipped,256.78,2025-01-24 00:00:00
ORD-00094,CUST-0014,closed,139.78,2025-01-24 06:00:00
ORD-00095,CUST-0050,shipped,205.04,2025-01-24 12:00:00
ORD-00096,CUST-0086,closed,126.72,2025-01-24 18:00:00
ORD-00097,CUST-0033,shipped,138.53,2025-01-25 00:00:00
ORD-00098,CUST-0104,shipped,142.11,2025-01-25 06:00:00
ORD-00099,CUST-0109,open,171.22,2025-01-25 12:00:00
ORD-00100,CUST-0191,closed,188.99,2025-01-25 18:00:00
ORD-00101,CUST-0150,closed,207.78,2025-01-26 00:00:00
ORD-00102,CUST-0051,open,92.95,2025-01-26 06:00:00
ORD-00103,CUST-0158,closed,301.61,2025-01-26 12:00:00
ORD-00104,CUST-0162,open,251.01,2025-01-26 18:00:00
ORD-00105,CUST-0136,shipped,224.61,2025-01-27 00:00:00
ORD-00106,CUST-0136,closed,158.01,2025-01-27 06:00:00
ORD-00107,CUST-0063,shipped,174.52,2025-01-27 12:00:00
ORD-00108,CUST-0144,open,213.67,2025-01-27 18:00:00
ORD-00109,CUST-0027,shipped,205.29,2025-01-28 00:00:00
ORD-00110,CUST-0126,open,76.74,2025-01-28 06:00:00
ORD-00013,CUST-0185,open,225.56,2025-01-28 12:00:00
ORD-00112,CUST-0195,open,359.29,2025-01-28 18:00:00
ORD-00113,CUST-0060,open,66.4,2025-01-29 00:00:00
ORD-00114,CUST-0067,open,241.18,2025-01-29 06:00:00
ORD-00115,CUST-0124,shipped,202.71,2025-01-29 12:00:00
ORD-00116,CUST-0080,open,173.14,2025-01-29 18:00:00
ORD-00117,CUST-0147,closed,264.42,2025-01-30 00:00:00
ORD-00118,CUST-0041,closed,107.18,2025-01-30 06:00:00
ORD-00119,CUST-0034,open,190.03,2025-01-30 12:00:00
ORD-00120,CUST-0011,shipped,270.12,2025-01-30 18:00:00
ORD-00121,CUST-0094,shipped,167.87,2025-01-31 00:00:00
ORD-00122,CUST-0043,open,154.24,2025-01-31 06:00:00
ORD-00123,CUST-0060,open,187.08,2025-01-31 12:00:00
ORD-00124,CUST-0184,closed,152.59,2025-01-31 18:00:00
ORD-00125,CUST-0163,shipped,275.35,2025-02-01 00:00:00
ORD-00126,CUST-0169,closed,124.09,2025-02-01 06:00:00
ORD-00127,CUST-0119,open,233.82,2025-02-01 12:00:00
ORD-00128,CUST-0023,shipped,102.8,2025-02-01 18:00:00
ORD-00129,CUST-0150,closed,221.25,2025-02-02 00:00:00
ORD-00130,CUST-0121,closed,173.53,2025-02-02 06:00:00
ORD-00131,CUST-0182,open,20.69,2025-02-02 12:00:00
ORD-00132,CUST-0096,shipped,179.63,2025-02-02 18:00:00
ORD-00133,CUST-0035,shipped,114.19,2025-02-03 00:00:00
ORD-00134,CUST-0119,closed,152.59,2025-02-03 06:00:00
ORD-00135,CUST-0092,open,274.89,2025-02-03 12:00:00
ORD-00136,CUST-0132,open,111.09,2025-02-03 18:00:00
ORD-00137,CUST-0076,closed,114.6,2025-02-04 00:00:00
ORD-00138,CUST-0062,shipped,268.85,2025-02-04 06:00:00
ORD-00139,CUST-0026,shipped,187.15,2025-02-04 12:00:00
ORD-00140,CUST-0193,closed,275.08,2025-02-04 18:00:00
ORD-00141,CUST-0152,shipped,199.96,2025-02-05 00:00:00
ORD-00142,CUST-0094,open,125.58,2025-02-05 06:00:00
ORD-00143,CUST-0047,shipped,175.91,2025-02-05 12:00:00
ORD-00144,CUST-0126,open,255.85,2025-02-05 18:00:00
ORD-00145,CUST-0083,open,238.05,2025-02-06 00:00:00
ORD-00146,CUST-0128,shipped,180.05,2025-02-06 06:00:00
ORD-00147,CUST-0019,closed,183.01,2025-02-06 12:00:00
ORD-00148,CUST-0037,shipped,173.06,2025-02-06 18:00:00
ORD-00149,CUST-0147,shipped,144.32,2025-02-07 00:00:00
ORD-00150,CUST-0013,shipped,299.15,2025-02-07 06:00:00
ORD-00151,CUST-0136,shipped,180.44,2025-02-07 12:00:00
ORD-00152,CUST-0083,closed,110.23,2025-02-07 18:00:00
ORD-00153,CUST-0001,shipped,150.57,2025-02-08 00:00:00
ORD-00154,CUST-0153,closed,224.81,2025-02-08 06:00:00
ORD-00155,CUST-0140,shipped,219.57,2025-02-08 12:00:00
ORD-00156,CUST-0164,open,171.54,2025-02-08 18:00:00
ORD-00157,CUST-0180,shipped,138.76,2025-02-09 00:00:00
ORD-00158,CUST-0146,shipped,181.47,2025-02-09 06:00:00
ORD-00159,CUST-0169,open,76.76,2025-02-09 12:00:00
ORD-00160,CUST-0023,shipped,99.69,2025-02-09 18:00:00
ORD-00161,CUST-0184,closed,229.28,2025-02-10 00:00:00
ORD-00162,CUST-0183,open,150.43,2025-02-10 06:00:00
ORD-00163,CUST-0139,shipped,203.13,2025-02-10 12:00:00
ORD-00164,CUST-0161,closed,255.16,2025-02-10 18:00:00
ORD-00165,CUST-0149,shipped,220.07,2025-02-11 00:00:00
ORD-00166,CUST-0176,open,181.27,2025-02-11 06:00:00
ORD-00167,CUST-0178,shipped,311.28,2025-02-11 12:00:00
ORD-00168,CUST-0105,shipped,221.19,2025-02-11 18:00:00
ORD-00169,CUST-0164,shipped,158.13,2025-02-12 00:00:00
ORD-00170,CUST-0184,shipped,225.16,2025-02-12 06:00:00
ORD-00171,CUST-0060,open,205.16,2025-02-12 12:00:00
ORD-00172,CUST-0010,closed,127.2,2025-02-12 18:00:00
ORD-00173,CUST-0035,closed,184.5,2025-02-13 00:00:00
ORD-00174,CUST-0007,open,169.82,2025-02-13 06:00:00
ORD-00175,CUST-0087,open,58.71,2025-02-13 12:00:00
ORD-00176,CUST-0005,open,169.36,2025-02-13 18:00:00
ORD-00177,CUST-0052,closed,162.54,2025-02-14 00:00:00
ORD-00178,CUST-0051,closed,152.96,2025-02-14 06:00:00
ORD-00179,CUST-0142,open,78.53,2025-02-14 12:00:00
ORD-00180,CUST-0050,shipped,158.12,2025-02-14 18:00:00
ORD-00181,CUST-0190,open,177.55,2025-02-15 00:00:00
ORD-00182,CUST-0038,shipped,186.29,2025-02-15 06:00:00
ORD-00183,CUST-0195,closed,109.96,2025-02-15 12:00:00
ORD-00184,CUST-0114,open,219.01,2025-02-15 18:00:00
ORD-00185,CUST-0049,open,105.02,2025-02-16 00:00:00
ORD-00186,CUST-0008,shipped,166.2,2025-02-16 06:00:00
ORD-00187,CUST-0062,shipped,260.5,2025-02-16 12:00:00
ORD-00188,CUST-0119,closed,137.29,2025-02-16 18:00:00
ORD-00189,CUST-0022,shipped,148.5,2025-02-17 00:00:00
ORD-00190,CUST-0034,open,246.2,2025-02-17 06:00:00
ORD-00191,CUST-0023,shipped,156.32,2025-02-17 12:00:00
ORD-00192,CUST-0136,closed,161.68,2025-02-17 18:00:00
ORD-00193,CUST-0018,closed,193.64,2025-02-18 00:00:00
ORD-00194,CUST-0005,open,244.71,2025-02-18 06:00:00
ORD-00195,CUST-0092,closed,44.12,2025-02-18 12:00:00
ORD-00196,CUST-0063,shipped,128.93,2025-02-18 18:00:00
ORD-00197,CUST-0115,closed,117.91,2025-02-19 00:00:00
ORD-00198,CUST-0188,open,113.14,2025-02-19 06:00:00
ORD-00199,CUST-0172,closed,127.33,2025-02-19 12:00:00
ORD-00200,CUST-0108,open,128.31,2025-02-19 18:00:00
ORD-00201,CUST-0129,shipped,198.55,2025-02-20 00:00:00
ORD-00202,CUST-0163,shipped,125.27,2025-02-20 06:00:00
ORD-00203,CUST-0088,shipped,187.54,2025-02-20 12:00:00
ORD-00204,CUST-0132,open,204.69,2025-02-20 18:00:00
ORD-00205,CUST-0044,open,135.12,2025-02-21 00:00:00
ORD-00206,CUST-0123,open,188.03,2025-02-21 06:00:00
ORD-00207,CUST-0048,open,280.65,2025-02-21 12:00:00
ORD-00208,CUST-0039,open,199.8,2025-02-21 18:00:00
ORD-00209,CUST-0153,open,140.82,2025-02-22 00:00:00
ORD-00210,CUST-0115,shipped,176.01,2025-02-22 06:00:00
ORD-00211,CUST-9992,shipped,123.72,2025-02-22 12:00:00
ORD-00212,CUST-0008,shipped,196.63,2025-02-22 18:00:00
ORD-00213,CUST-0048,open,232.95,2025-02-23 00:00:00
ORD-00214,CUST-0161,open,129.72,2025-02-23 06:00:00
ORD-00215,CUST-0094,shipped,167.16,2025-02-23 12:00:00
ORD-00216,CUST-0193,closed,248.24,2025-02-23 18:00:00
ORD-00217,CUST-0181,open,149.49,2025-02-24 00:00:00
ORD-00218,CUST-0171,shipped,191.53,2025-02-24 06:00:00
ORD-00219,CUST-0004,closed,117.23,2025-02-24 12:00:00
ORD-00220,CUST-0011,shipped,129.79,2025-02-24 18:00:00
ORD-00221,CUST-0116,closed,148.59,2025-02-25 00:00:00
ORD-00222,CUST-0068,closed,310.58,2025-02-25 06:00:00
ORD-00223,CUST-0169,shipped,155.46,2025-02-25 12:00:00
ORD-00224,CUST-0064,closed,148.2,2025-02-25 18:00:00
ORD-00225,CUST-0031,open,146.21,2025-02-26 00:00:00
ORD-00226,CUST-0023,open,170.06,2025-02-26 06:00:00
ORD-00227,CUST-0061,shipped,219.36,2025-02-26 12:00:00
ORD-00228,CUST-0126,shipped,191.37,2025-02-26 18:00:00
ORD-00229,CUST-0026,closed,303.47,2025-02-27 00:00:00
ORD-00230,CUST-0160,open,192.83,2025-02-27 06:00:00
ORD-00231,CUST-0061,closed,266.84,2025-02-27 12:00:00
ORD-00232,CUST-0063,shipped,196.6,2025-02-27 18:00:00
ORD-00233,CUST-0133,open,216.33,2025-02-28 00:00:00
ORD-00234,CUST-0173,closed,93.38,2025-02-28 06:00:00
ORD-00235,CUST-0088,shipped,172.38,2025-02-28 12:00:00
ORD-00236,CUST-0160,open,175.86,2025-02-28 18:00:00
ORD-00237,CUST-0061,closed,165.42,2025-03-01 00:00:00
ORD-00238,CUST-0026,open,50.83,2025-03-01 06:00:00
ORD-00239,CUST-0166,open,232.84,2025-03-01 12:00:00
ORD-00240,CUST-0154,shipped,156.77,2025-03-01 18:00:00
ORD-00241,CUST-0151,closed,153.72,2025-03-02 00:00:00
ORD-00242,CUST-0177,open,164.69,2025-03-02 06:00:00
ORD-00243,CUST-0100,closed,166.32,2025-03-02 12:00:00
ORD-00244,CUST-0040,shipped,204.43,2025-03-02 18:00:00
ORD-00245,CUST-0118,open,103.74,2025-03-03 00:00:00
ORD-00246,CUST-0115,shipped,124.14,2025-03-03 06:00:00
ORD-00247,CUST-0078,shipped,197.44,2025-03-03 12:00:00
ORD-00248,CUST-0128,shipped,188.73,2025-03-03 18:00:00
ORD-00249,CUST-0053,closed,157.4,2025-03-04 00:00:00
ORD-00250,CUST-0122,shipped,145.57,2025-03-04 06:00:00
ORD-00251,CUST-0159,closed,129.93,2025-03-04 12:00:00
ORD-00252,,open,176.5,2025-03-04 18:00:00
ORD-00253,CUST-0091,closed,250.84,2025-03-05 00:00:00
ORD-00254,CUST-0133,shipped,116.52,2025-03-05 06:00:00
ORD-00255,CUST-0011,closed,271.4,2025-03-05 12:00:00
ORD-00256,CUST-0127,closed,230.64,2025-03-05 18:00:00
ORD-00257,CUST-0183,closed,152.82,2025-03-06 00:00:00
ORD-00258,CUST-0165,open,226.98,2025-03-06 06:00:00
ORD-00259,CUST-0138,shipped,92.05,2025-03-06 12:00:00
ORD-00260,CUST-0161,closed,76.11,2025-03-06 18:00:00
ORD-00261,CUST-0073,closed,102.61,2025-03-07 00:00:00
ORD-00262,CUST-0066,shipped,155.42,2025-03-07 06:00:00
ORD-00263,CUST-0017,closed,160.48,2025-03-07 12:00:00
ORD-00264,CUST-0145,shipped,149.09,2025-03-07 18:00:00
ORD-00265,CUST-0063,shipped,185.97,2025-03-08 00:00:00
ORD-00266,CUST-0174,closed,51.89,2025-03-08 06:00:00
ORD-00267,CUST-0094,shipped,209.72,2025-03-08 12:00:00
ORD-00268,CUST-0179,shipped,94.84,2025-03-08 18:00:00
ORD-00269,CUST-0028,shipped,140.35,2025-03-09 00:00:00
ORD-00270,CUST-0033,shipped,155.23,2025-03-09 06:00:00
ORD-00271,CUST-0070,open,110.63,2025-03-09 12:00:00
ORD-00272,CUST-0006,open,97.74,2025-03-09 18:00:00
ORD-00273,CUST-0099,closed,119.64,2025-03-10 00:00:00
ORD-00274,CUST-0131,shipped,179.28,2025-03-10 06:00:00
ORD-00275,CUST-0133,shipped,215.4,2025-03-10 12:00:00
ORD-00276,CUST-0043,closed,213.85,2025-03-10 18:00:00
ORD-00277,CUST-0033,open,120.33,2025-03-11 00:00:00
ORD-00278,CUST-0113,open,132.51,2025-03-11 06:00:00
ORD-00279,CUST-0127,open,124.76,2025-03-11 12:00:00
ORD-00280,CUST-0189,shipped,206.99,2025-03-11 18:00:00
ORD-00281,CUST-0180,closed,57.75,2025-03-12 00:00:00
ORD-00282,CUST-0076,shipped,254.3,2025-03-12 06:00:00
ORD-00283,CUST-0033,shipped,150.91,2025-03-12 12:00:00
ORD-00284,CUST-0051,shipped,132.99,2025-03-12 18:00:00
ORD-00285,CUST-0177,open,200.37,2025-03-13 00:00:00
ORD-00286,CUST-0092,open,241.96,2025-03-13 06:00:00
ORD-00287,CUST-0199,shipped,200.55,2025-03-13 12:00:00
ORD-00288,CUST-0132,closed,243.16,2025-03-13 18:00:00
ORD-00289,CUST-0120,open,188.06,2025-03-14 00:00:00
ORD-00290,CUST-0021,shipped,253.78,2025-03-14 06:00:00
ORD-00291,CUST-0119,open,254.71,2025-03-14 12:00:00
ORD-00292,CUST-0077,shipped,174.03,2025-03-14 18:00:00
ORD-00293,CUST-0169,shipped,266.35,2025-03-15 00:00:00
ORD-00294,CUST-0027,open,189.88,2025-03-15 06:00:00
ORD-00295,CUST-0039,shipped,185.21,2025-03-15 12:00:00
ORD-00296,CUST-0133,shipped,124.71,2025-03-15 18:00:00
ORD-00297,CUST-0137,shipped,162.67,2025-03-16 00:00:00
ORD-00298,CUST-0167,open,226.65,2025-03-16 06:00:00
ORD-00299,CUST-0105,closed,101.24,2025-03-16 12:00:00
ORD-00300,CUST-0076,open,218.98,2025-03-16 18:00:00
ORD-00301,CUST-0062,closed,200.92,2025-03-17 00:00:00
ORD-00302,CUST-0075,open,196.65,2025-03-17 06:00:00
ORD-00303,CUST-0133,open,47.61,2025-03-17 12:00:00
ORD-00304,CUST-0108,open,173.81,2025-03-17 18:00:00
ORD-00305,CUST-0060,closed,218.9,2025-03-18 00:00:00
ORD-00306,CUST-0044,open,134.22,2025-03-18 06:00:00
ORD-00307,CUST-0143,shipped,185.42,2025-03-18 12:00:00
ORD-00308,CUST-0050,closed,37.32,2025-03-18 18:00:00
ORD-00309,CUST-0042,closed,220.28,2025-03-19 00:00:00
ORD-00310,CUST-0066,open,140.25,2025-03-19 06:00:00
ORD-00311,CUST-0171,shipped,232.28,2025-03-19 12:00:00
ORD-00312,CUST-0092,shipped,69.43,2025-03-19 18:00:00
ORD-00313,CUST-0119,closed,221.54,2025-03-20 00:00:00
ORD-00314,CUST-0017,shipped,165.78,2025-03-20 06:00:00
ORD-00315,CUST-0069,shipped,228.46,2025-03-20 12:00:00
ORD-00316,CUST-0151,open,124.46,2025-03-20 18:00:00
ORD-00317,CUST-0155,open,142.89,2025-03-21 00:00:00
ORD-00318,CUST-0116,shipped,314.55,2025-03-21 06:00:00
ORD-00319,CUST-0176,open,130.2,2025-03-21 12:00:00
ORD-00320,CUST-0060,open,137.64,2025-03-21 18:00:00
ORD-00321,CUST-0033,shipped,163.41,2025-03-22 00:00:00
ORD-00322,CUST-0016,open,118.65,2025-03-22 06:00:00
ORD-00323,CUST-0040,open,251.43,2025-03-22 12:00:00
ORD-00324,CUST-0153,closed,283.5,2025-03-22 18:00:00
ORD-00325,CUST-0181,shipped,137.75,2025-03-23 00:00:00
ORD-00326,CUST-0027,open,76.44,2025-03-23 06:00:00
ORD-00327,CUST-0101,closed,250.32,2025-03-23 12:00:00
ORD-00328,CUST-0027,open,246.5,2025-03-23 18:00:00
ORD-00329,CUST-0169,open,229.3,2025-03-24 00:00:00
ORD-00330,CUST-0027,closed,249.39,2025-03-24 06:00:00
ORD-00331,CUST-0129,closed,127.95,2025-03-24 12:00:00
ORD-00332,CUST-0017,shipped,169.89,2025-03-24 18:00:00
ORD-00333,CUST-0148,open,96.95,2025-03-25 00:00:00
ORD-00334,CUST-0182,shipped,94.91,2025-03-25 06:00:00
ORD-00335,CUST-0147,open,238.87,2025-03-25 12:00:00
ORD-00336,CUST-0054,open,139.69,2025-03-25 18:00:00
ORD-00337,CUST-0169,open,316.77,2025-03-26 00:00:00
ORD-00338,CUST-0062,open,184.45,2025-03-26 06:00:00
ORD-00339,CUST-0151,shipped,141.57,2025-03-26 12:00:00
ORD-00340,CUST-0167,open,227.87,2025-03-26 18:00:00
ORD-00341,CUST-0098,open,288.08,2025-03-27 00:00:00
ORD-00342,CUST-0124,closed,209.17,2025-03-27 06:00:00
ORD-00343,CUST-0172,shipped,106.97,2025-03-27 12:00:00
ORD-00344,CUST-0038,shipped,202.26,2025-03-27 18:00:00
ORD-00345,CUST-0004,open,262.54,2025-03-28 00:00:00
ORD-00346,CUST-0087,closed,150.41,2025-03-28 06:00:00
ORD-00347,CUST-0037,shipped,133.58,2025-03-28 12:00:00
ORD-00348,CUST-0177,shipped,240.99,2025-03-28 18:00:00
ORD-00349,CUST-0174,shipped,188.4,2025-03-29 00:00:00
ORD-00350,CUST-0076,open,113.85,2025-03-29 06:00:00
ORD-00351,CUST-0062,open,157.22,2025-03-29 12:00:00
ORD-00352,CUST-0143,shipped,134.66,2025-03-29 18:00:00
ORD-00353,CUST-0091,closed,197.78,2025-03-30 00:00:00
ORD-00354,CUST-0020,closed,186.58,2025-03-30 06:00:00
ORD-00355,CUST-0133,shipped,249.03,2025-03-30 12:00:00
ORD-00356,CUST-0146,shipped,222.58,2025-03-30 18:00:00
ORD-00357,CUST-0015,open,86.19,2025-03-31 00:00:00
ORD-00358,CUST-0156,closed,204.42,2025-03-31 06:00:00
ORD-00359,CUST-0107,open,233.82,2025-03-31 12:00:00
ORD-00360,CUST-0166,open,207.35,2025-03-31 18:00:00
ORD-00361,CUST-0171,shipped,241.8,2025-04-01 00:00:00
ORD-00362,CUST-0135,closed,147.03,2025-04-01 06:00:00
ORD-00363,CUST-0067,closed,122.95,2025-04-01 12:00:00
ORD-00364,CUST-0075,shipped,235.8,2025-04-01 18:00:00
ORD-00365,CUST-0145,open,116.07,2025-04-02 00:00:00
ORD-00366,CUST-0013,open,50.43,2025-04-02 06:00:00
ORD-00367,CUST-0047,closed,241.52,2025-04-02 12:00:00
ORD-00368,CUST-0104,closed,136.55,2025-04-02 18:00:00
ORD-00369,CUST-0189,open,161.64,2025-04-03 00:00:00
ORD-00370,CUST-0152,closed,96.12,2025-04-03 06:00:00
ORD-00371,CUST-0164,shipped,100.47,2025-04-03 12:00:00
ORD-00372,CUST-0039,shipped,110.6,2025-04-03 18:00:00
ORD-00373,CUST-0057,shipped,158.36,2025-04-04 00:00:00
ORD-00374,CUST-0054,open,202.2,2025-04-04 06:00:00
ORD-00375,CUST-0150,shipped,42.13,2025-04-04 12:00:00
ORD-00376,CUST-0108,open,225.13,2025-04-04 18:00:00
ORD-00377,CUST-0043,closed,109.08,2025-04-05 00:00:00
ORD-00378,CUST-0150,shipped,116.02,2025-04-05 06:00:00
ORD-00379,CUST-0128,closed,220.67,2025-04-05 12:00:00
ORD-00380,CUST-0180,closed,175.52,2025-04-05 18:00:00
ORD-00381,CUST-0112,shipped,87.81,2025-04-06 00:00:00
ORD-00382,CUST-0026,open,290.68,2025-04-06 06:00:00
ORD-00383,CUST-0178,closed,128.36,2025-04-06 12:00:00
ORD-00384,CUST-0037,shipped,194.84,2025-04-06 18:00:00
ORD-00385,CUST-0011,open,191.99,2025-04-07 00:00:00
ORD-00386,CUST-0160,open,264.68,2025-04-07 06:00:00
ORD-00387,CUST-0091,closed,152.66,2025-04-07 12:00:00
ORD-00388,CUST-0129,shipped,240.49,2025-04-07 18:00:00
ORD-00389,CUST-0026,open,135.49,2025-04-08 00:00:00
ORD-00390,CUST-0145,shipped,247.33,2025-04-08 06:00:00
ORD-00391,CUST-0082,shipped,134.22,2025-04-08 12:00:00
ORD-00392,CUST-0200,shipped,158.27,2025-04-08 18:00:00
ORD-00393,CUST-0128,closed,293.76,2025-04-09 00:00:00
ORD-00394,CUST-0188,closed,199.02,2025-04-09 06:00:00
ORD-00395,CUST-0159,open,186.59,2025-04-09 12:00:00
ORD-00396,CUST-0169,open,314.52,2025-04-09 18:00:00
ORD-00397,CUST-0018,shipped,201.68,2025-04-10 00:00:00
ORD-00398,CUST-0156,closed,131.03,2025-04-10 06:00:00
ORD-00399,CUST-0121,shipped,224.08,2025-04-10 12:00:00
ORD-00400,CUST-0080,closed,109.1,2025-04-10 18:00:00
ORD-00401,CUST-0063,shipped,247.7,2025-04-11 00:00:00
ORD-00402,CUST-0129,open,252.36,2025-04-11 06:00:00
ORD-00403,CUST-0040,closed,145.62,2025-04-11 12:00:00
ORD-00404,CUST-0037,open,142.33,2025-04-11 18:00:00
ORD-00013,CUST-0175,shipped,190.59,2025-04-12 00:00:00
ORD-00406,CUST-0152,open,180.85,2025-04-12 06:00:00
ORD-00407,CUST-0119,shipped,121.34,2025-04-12 12:00:00
ORD-00408,CUST-0152,closed,214.09,2025-04-12 18:00:00
ORD-00409,CUST-0065,shipped,57.49,2025-04-13 00:00:00
ORD-00410,CUST-0145,open,154.03,2025-04-13 06:00:00
ORD-00411,CUST-0042,shipped,155.76,2025-04-13 12:00:00
ORD-00412,CUST-0089,shipped,163.6,2025-04-13 18:00:00
ORD-00413,CUST-0030,open,198.43,2025-04-14 00:00:00
ORD-00414,CUST-0076,open,106.32,2025-04-14 06:00:00
ORD-00415,CUST-0069,open,215.31,2025-04-14 12:00:00
ORD-00416,CUST-0084,shipped,169.19,2025-04-14 18:00:00
ORD-00417,CUST-0096,shipped,140.99,2025-04-15 00:00:00
ORD-00418,CUST-0007,shipped,97.99,2025-04-15 06:00:00
ORD-00419,CUST-0069,open,109.01,2025-04-15 12:00:00
ORD-00420,CUST-0169,shipped,201.62,2025-04-15 18:00:00
ORD-00421,CUST-0087,open,122.17,2025-04-16 00:00:00
ORD-00422,CUST-0109,closed,183.85,2025-04-16 06:00:00
ORD-00423,CUST-0021,closed,243.72,2025-04-16 12:00:00
ORD-00424,CUST-0078,shipped,241.96,2025-04-16 18:00:00
ORD-00425,CUST-0194,shipped,273.62,2025-04-17 00:00:00
ORD-00426,CUST-0110,closed,162.22,2025-04-17 06:00:00
ORD-00427,CUST-0005,open,114.89,2025-04-17 12:00:00
ORD-00428,CUST-0145,closed,241.23,2025-04-17 18:00:00
ORD-00429,CUST-0154,open,198.58,2025-04-18 00:00:00
ORD-00430,CUST-0077,closed,247.44,2025-04-18 06:00:00
ORD-00431,CUST-0007,shipped,180.66,2025-04-18 12:00:00
ORD-00432,CUST-0167,shipped,251.74,2025-04-18 18:00:00
ORD-00433,CUST-0051,closed,230.78,2025-04-19 00:00:00
ORD-00434,CUST-0184,open,222.99,2025-04-19 06:00:00
ORD-00435,CUST-0073,closed,210.21,2025-04-19 12:00:00
ORD-00436,CUST-0078,shipped,203.86,2025-04-19 18:00:00
ORD-00437,CUST-0159,shipped,193.98,2025-04-20 00:00:00
ORD-00438,CUST-0028,shipped,193.55,2025-04-20 06:00:00
ORD-00439,CUST-0006,open,239.41,2025-04-20 12:00:00
ORD-00440,CUST-0153,open,149.28,2025-04-20 18:00:00
ORD-00441,CUST-0186,shipped,284.14,2025-04-21 00:00:00
ORD-00442,CUST-0199,open,173.63,2025-04-21 06:00:00
ORD-00443,CUST-0026,shipped,239.12,2025-04-21 12:00:00
ORD-00444,CUST-0030,closed,174.59,2025-04-21 18:00:00
ORD-00445,CUST-0068,closed,165.2,2025-04-22 00:00:00
ORD-00446,CUST-0143,closed,301.93,2025-04-22 06:00:00
ORD-00447,CUST-0183,closed,161.44,2025-04-22 12:00:00
ORD-00448,CUST-0166,open,103.37,2025-04-22 18:00:00
ORD-00449,CUST-0075,closed,137.16,2025-04-23 00:00:00
ORD-00450,CUST-0185,open,160.97,2025-04-23 06:00:00
ORD-00451,CUST-0052,closed,309.31,2025-04-23 12:00:00
ORD-00452,CUST-0025,closed,192.41,2025-04-23 18:00:00
ORD-00453,CUST-0087,shipped,236.08,2025-04-24 00:00:00
ORD-00454,CUST-0019,shipped,119.9,2025-04-24 06:00:00
ORD-00455,CUST-0136,open,201.16,2025-04-24 12:00:00
ORD-00456,CUST-0198,shipped,220.29,2025-04-24 18:00:00
ORD-00457,CUST-0022,open,288.1,2025-04-25 00:00:00
ORD-00458,CUST-0024,open,138.22,2025-04-25 06:00:00
ORD-00459,CUST-0036,open,216.21,2025-04-25 12:00:00
ORD-00460,CUST-0036,closed,198.16,2025-04-25 18:00:00
ORD-00461,CUST-0107,closed,118.7,2025-04-26 00:00:00
ORD-00462,CUST-0115,open,178.83,2025-04-26 06:00:00
ORD-00463,CUST-0191,open,164.19,2025-04-26 12:00:00
ORD-00464,CUST-0090,open,40.48,2025-04-26 18:00:00
ORD-00465,CUST-0186,open,215.92,2025-04-27 00:00:00
ORD-00466,CUST-0151,open,212.41,2025-04-27 06:00:00
ORD-00467,CUST-0171,shipped,153.66,2025-04-27 12:00:00
ORD-00468,CUST-0039,shipped,99.69,2025-04-27 18:00:00
ORD-00469,CUST-0091,shipped,268.79,2025-04-28 00:00:00
ORD-00470,CUST-0183,open,195.96,2025-04-28 06:00:00
ORD-00471,CUST-0151,shipped,241.0,2025-04-28 12:00:00
ORD-00472,CUST-0044,open,264.62,2025-04-28 18:00:00
ORD-00473,CUST-0170,shipped,148.75,2025-04-29 00:00:00
ORD-00474,CUST-0154,shipped,228.73,2025-04-29 06:00:00
ORD-00475,CUST-0030,closed,165.53,2025-04-29 12:00:00
ORD-00476,CUST-0014,open,176.25,2025-04-29 18:00:00
ORD-00477,CUST-0052,closed,174.86,2025-04-30 00:00:00
ORD-00478,CUST-0095,shipped,179.92,2025-04-30 06:00:00
ORD-00479,CUST-0031,closed,246.84,2025-04-30 12:00:00
ORD-00480,CUST-0007,shipped,187.43,2025-04-30 18:00:00
ORD-00481,CUST-0023,pending_review,170.78,2025-05-01 00:00:00
ORD-00482,CUST-0063,closed,163.41,2025-05-01 06:00:00
ORD-00483,CUST-0078,shipped,200.48,2025-05-01 12:00:00
ORD-00484,CUST-0063,open,126.31,2025-05-01 18:00:00
ORD-00485,CUST-0090,open,149.84,2025-05-02 00:00:00
ORD-00486,CUST-0144,closed,176.86,2025-05-02 06:00:00
ORD-00487,CUST-0050,open,146.05,2025-05-02 12:00:00
ORD-00488,CUST-0092,shipped,172.89,2025-05-02 18:00:00
ORD-00489,CUST-0146,closed,143.35,2025-05-03 00:00:00
ORD-00490,CUST-0012,open,300.24,2025-05-03 06:00:00
ORD-00491,CUST-0188,open,259.74,2025-05-03 12:00:00
ORD-00492,CUST-0200,open,207.0,2025-05-03 18:00:00
ORD-00493,CUST-0059,open,176.78,2025-05-04 00:00:00
ORD-00494,CUST-0178,shipped,311.45,2025-05-04 06:00:00
ORD-00495,CUST-0051,shipped,199.38,2025-05-04 12:00:00
ORD-00496,CUST-0184,shipped,174.79,2025-05-04 18:00:00
ORD-00497,CUST-0133,open,198.19,2025-05-05 00:00:00
ORD-00498,CUST-0050,closed,198.36,2025-05-05 06:00:00
ORD-00499,CUST-0013,closed,264.62,2025-05-05 12:00:00
ORD-00500,CUST-0079,shipped,178.86,2025-05-05 18:00:00
ORD-00501,CUST-9993,open,305.96,2025-05-06 00:00:00
ORD-00502,CUST-0046,shipped,127.08,2025-05-06 06:00:00
ORD-00503,CUST-0103,shipped,221.64,2025-05-06 12:00:00
ORD-00504,CUST-0025,shipped,119.89,2025-05-06 18:00:00
ORD-00505,CUST-0085,closed,289.03,2025-05-07 00:00:00
ORD-00506,CUST-0007,shipped,160.17,2025-05-07 06:00:00
ORD-00507,CUST-0198,shipped,176.51,2025-05-07 12:00:00
ORD-00508,CUST-0101,open,235.45,2025-05-07 18:00:00
ORD-00509,CUST-0169,shipped,255.32,2025-05-08 00:00:00
ORD-00510,CUST-0025,closed,113.29,2025-05-08 06:00:00
ORD-00511,CUST-0034,closed,159.23,2025-05-08 12:00:00
ORD-00512,CUST-0036,open,96.3,2025-05-08 18:00:00
ORD-00513,CUST-0114,closed,188.24,2025-05-09 00:00:00
ORD-00514,CUST-0173,closed,173.92,2025-05-09 06:00:00
ORD-00515,CUST-0122,shipped,159.06,2025-05-09 12:00:00
ORD-00516,CUST-0097,shipped,138.93,2025-05-09 18:00:00
ORD-00517,CUST-0189,closed,156.85,2025-05-10 00:00:00
ORD-00518,CUST-0037,open,135.22,2025-05-10 06:00:00
ORD-00519,CUST-0033,shipped,211.74,2025-05-10 12:00:00
ORD-00520,CUST-0134,closed,270.96,2025-05-10 18:00:00
ORD-00521,CUST-0171,shipped,64.16,2025-05-11 00:00:00
ORD-00522,CUST-0054,closed,173.04,2025-05-11 06:00:00
ORD-00523,CUST-0053,shipped,154.91,2025-05-11 12:00:00
ORD-00524,CUST-0106,shipped,209.54,2025-05-11 18:00:00
ORD-00525,CUST-0156,open,122.89,2025-05-12 00:00:00
ORD-00526,CUST-0057,closed,171.21,2025-05-12 06:00:00
ORD-00527,CUST-0165,shipped,117.62,2025-05-12 12:00:00
ORD-00528,CUST-0104,shipped,221.8,2025-05-12 18:00:00
ORD-00529,CUST-0142,shipped,185.96,2025-05-13 00:00:00
ORD-00530,CUST-0126,closed,170.31,2025-05-13 06:00:00
ORD-00531,CUST-0097,closed,202.21,2025-05-13 12:00:00
ORD-00532,CUST-0108,open,165.21,2025-05-13 18:00:00
ORD-00533,CUST-0199,closed,86.77,2025-05-14 00:00:00
ORD-00534,CUST-0080,shipped,215.74,2025-05-14 06:00:00
ORD-00535,CUST-0189,open,197.3,2025-05-14 12:00:00
ORD-00536,CUST-0159,shipped,170.76,2025-05-14 18:00:00
ORD-00537,CUST-0037,open,239.1,2025-05-15 00:00:00
ORD-00538,CUST-0175,shipped,253.11,2025-05-15 06:00:00
ORD-00539,CUST-0077,open,114.46,2025-05-15 12:00:00
ORD-00540,CUST-0036,shipped,133.14,2025-05-15 18:00:00
ORD-00541,CUST-0051,shipped,272.84,2025-05-16 00:00:00
ORD-00542,CUST-0028,shipped,265.13,2025-05-16 06:00:00
ORD-00543,CUST-0068,closed,135.7,2025-05-16 12:00:00
ORD-00544,CUST-0023,closed,109.16,2025-05-16 18:00:00
ORD-00545,CUST-0109,shipped,141.75,2025-05-17 00:00:00
ORD-00546,CUST-0196,shipped,150.11,2025-05-17 06:00:00
ORD-00547,CUST-0193,open,84.96,2025-05-17 12:00:00
ORD-00548,CUST-0189,shipped,181.87,2025-05-17 18:00:00
ORD-00549,CUST-0049,closed,103.19,2025-05-18 00:00:00
ORD-00550,CUST-0047,open,107.38,2025-05-18 06:00:00
ORD-00551,CUST-0136,closed,234.97,2025-05-18 12:00:00
ORD-00552,CUST-0194,shipped,139.01,2025-05-18 18:00:00
ORD-00553,CUST-0166,open,175.71,2025-05-19 00:00:00
ORD-00554,CUST-0042,closed,217.75,2025-05-19 06:00:00
ORD-00555,CUST-0148,open,228.79,2025-05-19 12:00:00
ORD-00301,CUST-0102,closed,159.78,2025-05-19 18:00:00
ORD-00557,CUST-0089,open,182.65,2025-05-20 00:00:00
ORD-00558,CUST-0100,open,130.48,2025-05-20 06:00:00
ORD-00559,CUST-0110,closed,284.84,2025-05-20 12:00:00
ORD-00560,CUST-0183,shipped,219.0,2025-05-20 18:00:00
ORD-00561,CUST-0159,open,113.81,2025-05-21 00:00:00
ORD-00562,CUST-0009,shipped,180.24,2025-05-21 06:00:00
ORD-00563,CUST-0153,open,222.81,2025-05-21 12:00:00
ORD-00564,CUST-0064,shipped,208.76,2025-05-21 18:00:00
ORD-00565,CUST-0068,closed,289.75,2025-05-22 00:00:00
ORD-00566,CUST-0120,closed,262.34,2025-05-22 06:00:00
ORD-00567,CUST-0197,open,147.64,2025-05-22 12:00:00
ORD-00568,CUST-0014,shipped,174.65,2025-05-22 18:00:00
ORD-00569,CUST-0103,closed,103.11,2025-05-23 00:00:00
ORD-00570,CUST-0048,shipped,194.97,2025-05-23 06:00:00
ORD-00571,CUST-0183,closed,189.06,2025-05-23 12:00:00
ORD-00572,CUST-0094,open,342.21,2025-05-23 18:00:00
ORD-00573,CUST-0172,closed,185.85,2025-05-24 00:00:00
ORD-00574,CUST-0177,shipped,54.4,2025-05-24 06:00:00
ORD-00575,CUST-0021,closed,139.67,2025-05-24 12:00:00
ORD-00576,CUST-0153,closed,186.74,2025-05-24 18:00:00
ORD-00577,CUST-0159,closed,104.64,2025-05-25 00:00:00
ORD-00578,CUST-0166,open,127.97,2025-05-25 06:00:00
ORD-00579,CUST-0198,closed,158.06,2025-05-25 12:00:00
ORD-00580,CUST-0153,open,200.51,2025-05-25 18:00:00
ORD-00581,CUST-0167,open,170.08,2025-05-26 00:00:00
ORD-00582,CUST-0142,shipped,126.65,2025-05-26 06:00:00
ORD-00583,CUST-0060,shipped,227.26,2025-05-26 12:00:00
ORD-00584,CUST-0170,shipped,147.62,2025-05-26 18:00:00
ORD-00585,CUST-0141,closed,150.04,2025-05-27 00:00:00
ORD-00586,CUST-0137,open,97.22,2025-05-27 06:00:00
ORD-00587,CUST-0195,open,132.84,2025-05-27 12:00:00
ORD-00588,CUST-0148,shipped,219.11,2025-05-27 18:00:00
ORD-00589,CUST-0068,closed,82.94,2025-05-28 00:00:00
ORD-00590,CUST-0061,shipped,175.73,2025-05-28 06:00:00
ORD-00591,CUST-0066,shipped,223.06,2025-05-28 12:00:00
ORD-00592,CUST-0034,closed,157.37,2025-05-28 18:00:00
ORD-00593,CUST-0017,shipped,194.39,2025-05-29 00:00:00
ORD-00594,CUST-0152,open,112.99,2025-05-29 06:00:00
ORD-00595,CUST-0157,open,258.62,2025-05-29 12:00:00
ORD-00596,CUST-0034,shipped,246.06,2025-05-29 18:00:00
ORD-00597,CUST-0079,closed,194.13,2025-05-30 00:00:00
ORD-00598,CUST-0184,shipped,74.7,2025-05-30 06:00:00
ORD-00599,CUST-0168,open,117.24,2025-05-30 12:00:00
ORD-00600,CUST-0120,shipped,238.6,2025-05-30 18:00:00
ORD-00601,CUST-0195,shipped,282.79,2025-05-31 00:00:00
ORD-00602,CUST-0066,shipped,197.8,2025-05-31 06:00:00
ORD-00603,CUST-0169,shipped,254.84,2025-05-31 12:00:00
ORD-00604,CUST-0188,closed,143.53,2025-05-31 18:00:00
ORD-00605,CUST-0119,shipped,168.64,2025-06-01 00:00:00
ORD-00606,CUST-0032,shipped,180.07,2025-06-01 06:00:00
ORD-00607,CUST-0059,shipped,205.39,2025-06-01 12:00:00
ORD-00608,CUST-0103,closed,88.27,2025-06-01 18:00:00
ORD-00609,CUST-0056,closed,236.44,2025-06-02 00:00:00
ORD-00610,CUST-0019,shipped,259.35,2025-06-02 06:00:00
ORD-00611,CUST-0035,closed,111.08,2025-06-02 12:00:00
ORD-00612,CUST-0194,shipped,98.68,2025-06-02 18:00:00
ORD-00613,CUST-0077,closed,201.03,2025-06-03 00:00:00
ORD-00614,CUST-0116,open,140.74,2025-06-03 06:00:00
ORD-00615,CUST-0088,open,37.75,2025-06-03 12:00:00
ORD-00616,CUST-0161,closed,228.52,2025-06-03 18:00:00
ORD-00617,CUST-0021,open,189.34,2025-06-04 00:00:00
ORD-00618,CUST-0057,closed,151.4,2025-06-04 06:00:00
ORD-00619,CUST-0117,shipped,306.81,2025-06-04 12:00:00
ORD-00620,CUST-0161,shipped,188.33,2025-06-04 18:00:00
ORD-00621,CUST-0093,open,134.79,2025-06-05 00:00:00
ORD-00622,CUST-0141,closed,186.07,2025-06-05 06:00:00
ORD-00623,CUST-0161,open,117.6,2025-06-05 12:00:00
ORD-00624,CUST-0129,closed,134.3,2025-06-05 18:00:00
ORD-00625,CUST-0164,closed,203.18,2025-06-06 00:00:00
ORD-00626,CUST-0191,shipped,146.75,2025-06-06 06:00:00
ORD-00627,CUST-0044,open,152.94,2025-06-06 12:00:00
ORD-00628,CUST-0087,closed,280.14,2025-06-06 18:00:00
ORD-00629,CUST-0046,shipped,231.58,2025-06-07 00:00:00
ORD-00630,CUST-0084,open,228.17,2025-06-07 06:00:00
ORD-00631,CUST-0001,shipped,211.73,2025-06-07 12:00:00
ORD-00632,CUST-0139,open,209.05,2025-06-07 18:00:00
ORD-00633,CUST-0048,shipped,267.4,2025-06-08 00:00:00
ORD-00634,CUST-0168,shipped,178.83,2025-06-08 06:00:00
ORD-00635,CUST-0144,closed,291.33,2025-06-08 12:00:00
ORD-00636,CUST-0068,closed,122.92,2025-06-08 18:00:00
ORD-00637,CUST-0091,open,164.7,2025-06-09 00:00:00
ORD-00638,CUST-0134,shipped,97.28,2025-06-09 06:00:00
ORD-00639,CUST-0084,shipped,159.37,2025-06-09 12:00:00
ORD-00640,CUST-0042,closed,211.11,2025-06-09 18:00:00
ORD-00641,,open,267.07,2025-06-10 00:00:00
ORD-00642,CUST-0111,shipped,140.2,2025-06-10 06:00:00
ORD-00643,CUST-0107,closed,180.32,2025-06-10 12:00:00
ORD-00644,CUST-0154,shipped,158.45,2025-06-10 18:00:00
ORD-00645,CUST-0026,open,135.68,2025-06-11 00:00:00
ORD-00646,CUST-0014,shipped,108.64,2025-06-11 06:00:00
ORD-00647,CUST-0148,shipped,183.64,2025-06-11 12:00:00
ORD-00648,CUST-0146,closed,76.08,2025-06-11 18:00:00
ORD-00649,CUST-0160,open,186.63,2025-06-12 00:00:00
ORD-00650,CUST-0004,open,181.26,2025-06-12 06:00:00
ORD-00651,CUST-0132,open,140.53,2025-06-12 12:00:00
ORD-00652,CUST-0192,closed,119.35,2025-06-12 18:00:00
ORD-00653,CUST-0153,open,96.94,2025-06-13 00:00:00
ORD-00654,CUST-0094,closed,292.28,2025-06-13 06:00:00
ORD-00655,CUST-0096,closed,99.48,2025-06-13 12:00:00
ORD-00656,CUST-0082,closed,273.46,2025-06-13 18:00:00
ORD-00657,CUST-0011,open,216.01,2025-06-14 00:00:00
ORD-00658,CUST-0145,open,158.16,2025-06-14 06:00:00
ORD-00659,CUST-0108,shipped,110.58,2025-06-14 12:00:00
ORD-00660,CUST-0105,closed,242.55,2025-06-14 18:00:00
ORD-00661,CUST-0187,closed,283.78,2025-06-15 00:00:00
ORD-00662,CUST-0147,open,123.96,2025-06-15 06:00:00
ORD-00663,CUST-0192,closed,162.08,2025-06-15 12:00:00
ORD-00664,CUST-0017,closed,243.1,2025-06-15 18:00:00
ORD-00665,CUST-0191,closed,200.15,2025-06-16 00:00:00
ORD-00666,CUST-0113,closed,300.0,2025-06-16 06:00:00
ORD-00667,CUST-0081,closed,145.79,2025-06-16 12:00:00
ORD-00668,CUST-0112,closed,212.54,2025-06-16 18:00:00
ORD-00669,CUST-0008,shipped,104.94,2025-06-17 00:00:00
ORD-00670,CUST-0187,open,305.75,2025-06-17 06:00:00
ORD-00671,CUST-0126,closed,136.18,2025-06-17 12:00:00
ORD-00672,CUST-0008,open,47.52,2025-06-17 18:00:00
ORD-00673,CUST-0183,shipped,172.45,2025-06-18 00:00:00
ORD-00674,CUST-0091,closed,171.63,2025-06-18 06:00:00
ORD-00675,CUST-0024,shipped,294.93,2025-06-18 12:00:00
ORD-00676,CUST-0127,shipped,159.67,2025-06-18 18:00:00
ORD-00677,CUST-0014,closed,179.24,2025-06-19 00:00:00
ORD-00678,CUST-0111,open,215.61,2025-06-19 06:00:00
ORD-00679,CUST-0153,closed,275.18,2025-06-19 12:00:00
ORD-00680,CUST-0015,closed,176.21,2025-06-19 18:00:00
ORD-00681,CUST-0159,shipped,242.37,2025-06-20 00:00:00
ORD-00682,CUST-0119,shipped,211.09,2025-06-20 06:00:00
ORD-00683,CUST-0065,open,162.23,2025-06-20 12:00:00
ORD-00684,CUST-0045,closed,184.65,2025-06-20 18:00:00
ORD-00685,CUST-0003,open,181.72,2025-06-21 00:00:00
ORD-00686,CUST-0040,open,125.04,2025-06-21 06:00:00
ORD-00687,CUST-0057,closed,252.82,2025-06-21 12:00:00
ORD-00688,CUST-0176,shipped,96.86,2025-06-21 18:00:00
ORD-00689,CUST-0103,shipped,250.27,2025-06-22 00:00:00
ORD-00690,CUST-0040,closed,237.27,2025-06-22 06:00:00
ORD-00691,CUST-0149,open,174.42,2025-06-22 12:00:00
ORD-00692,CUST-0091,open,134.07,2025-06-22 18:00:00
ORD-00693,CUST-0168,shipped,166.41,2025-06-23 00:00:00
ORD-00694,CUST-0151,open,208.37,2025-06-23 06:00:00
ORD-00695,CUST-0187,shipped,224.58,2025-06-23 12:00:00
ORD-00696,CUST-0142,closed,197.22,2025-06-23 18:00:00
ORD-00697,CUST-0022,shipped,239.53,2025-06-24 00:00:00
ORD-00698,CUST-0111,shipped,146.55,2025-06-24 06:00:00
ORD-00699,CUST-0085,open,194.07,2025-06-24 12:00:00
ORD-00700,CUST-0162,open,85.9,2025-06-24 18:00:00
ORD-00701,CUST-0031,closed,225.82,2025-06-25 00:00:00
ORD-00702,CUST-0094,open,189.19,2025-06-25 06:00:00
ORD-00703,CUST-0166,shipped,155.07,2025-06-25 12:00:00
ORD-00704,CUST-0125,open,249.69,2025-06-25 18:00:00
ORD-00705,CUST-0008,closed,221.49,2025-06-26 00:00:00
ORD-00706,CUST-0164,open,11.02,2025-06-26 06:00:00
ORD-00707,CUST-0074,shipped,182.39,2025-06-26 12:00:00
ORD-00708,CUST-0136,shipped,92.7,2025-06-26 18:00:00
ORD-00709,CUST-0131,closed,244.0,2025-06-27 00:00:00
ORD-00710,CUST-0129,closed,329.34,2025-06-27 06:00:00
ORD-00711,CUST-0084,closed,148.89,2025-06-27 12:00:00
ORD-00712,CUST-0082,shipped,184.47,2025-06-27 18:00:00
ORD-00713,CUST-0021,open,164.94,2025-06-28 00:00:00
ORD-00714,CUST-0112,closed,201.05,2025-06-28 06:00:00
ORD-00715,CUST-0059,closed,218.67,2025-06-28 12:00:00
ORD-00716,CUST-0080,open,257.23,2025-06-28 18:00:00
ORD-00717,CUST-0034,closed,120.75,2025-06-29 00:00:00
ORD-00718,CUST-0149,open,274.3,2025-06-29 06:00:00
ORD-00719,CUST-0185,shipped,124.11,2025-06-29 12:00:00
ORD-00720,CUST-0077,shipped,196.63,2025-06-29 18:00:00
ORD-00721,CUST-0085,shipped,249.51,2025-06-30 00:00:00
ORD-00722,CUST-0094,closed,222.79,2025-06-30 06:00:00
ORD-00723,CUST-0015,shipped,123.69,2025-06-30 12:00:00
ORD-00724,CUST-0152,shipped,137.88,2025-06-30 18:00:00
ORD-00725,CUST-0177,closed,152.26,2025-07-01 00:00:00
ORD-00726,CUST-0101,shipped,176.93,2025-07-01 06:00:00
ORD-00727,CUST-0013,shipped,248.82,2025-07-01 12:00:00
ORD-00728,CUST-0068,shipped,102.49,2025-07-01 18:00:00
ORD-00729,CUST-0032,shipped,208.0,2025-07-02 00:00:00
ORD-00730,CUST-0166,open,216.6,2025-07-02 06:00:00
ORD-00731,CUST-0161,open,213.5,2025-07-02 12:00:00
ORD-00732,CUST-0077,open,207.98,2025-07-02 18:00:00
ORD-00733,CUST-0076,shipped,271.1,2025-07-03 00:00:00
ORD-00734,CUST-0169,open,209.27,2025-07-03 06:00:00
ORD-00735,CUST-0018,closed,231.42,2025-07-03 12:00:00
ORD-00736,CUST-0158,closed,213.81,2025-07-03 18:00:00
ORD-00737,CUST-0193,shipped,287.59,2025-07-04 00:00:00
ORD-00738,CUST-0090,shipped,66.01,2025-07-04 06:00:00
ORD-00739,CUST-0151,closed,256.93,2025-07-04 12:00:00
ORD-00740,CUST-0143,shipped,164.34,2025-07-04 18:00:00
ORD-00741,CUST-0180,shipped,163.16,2025-07-05 00:00:00
ORD-00742,CUST-0007,shipped,121.83,2025-07-05 06:00:00
ORD-00743,CUST-0142,shipped,67.88,2025-07-05 12:00:00
ORD-00744,CUST-0078,closed,157.09,2025-07-05 18:00:00
ORD-00745,CUST-0172,open,138.76,2025-07-06 00:00:00
ORD-00746,CUST-0173,closed,209.65,2025-07-06 06:00:00
ORD-00747,CUST-0058,shipped,91.66,2025-07-06 12:00:00
ORD-00748,CUST-0116,closed,265.9,2025-07-06 18:00:00
ORD-00749,CUST-0099,shipped,196.32,2025-07-07 00:00:00
ORD-00750,CUST-0112,closed,165.13,2025-07-07 06:00:00
ORD-00751,CUST-0167,shipped,137.43,2025-07-07 12:00:00
ORD-00752,CUST-0133,closed,132.77,2025-07-07 18:00:00
ORD-00753,CUST-0152,open,112.19,2025-07-08 00:00:00
ORD-00754,CUST-0136,shipped,147.34,2025-07-08 06:00:00
ORD-00755,CUST-0051,shipped,180.36,2025-07-08 12:00:00
ORD-00756,CUST-0117,open,169.36,2025-07-08 18:00:00
ORD-00757,CUST-0076,open,95.13,2025-07-09 00:00:00
ORD-00758,CUST-0085,closed,164.05,2025-07-09 06:00:00
ORD-00759,CUST-0023,closed,126.41,2025-07-09 12:00:00
ORD-00760,CUST-0037,shipped,189.59,2025-07-09 18:00:00
ORD-00761,CUST-0069,shipped,291.88,2025-07-10 00:00:00
ORD-00762,CUST-0059,shipped,217.5,2025-07-10 06:00:00
ORD-00763,CUST-0128,open,161.21,2025-07-10 12:00:00
ORD-00764,CUST-0059,shipped,82.51,2025-07-10 18:00:00
ORD-00765,CUST-0050,shipped,95.12,2025-07-11 00:00:00
ORD-00766,CUST-0087,shipped,78.8,2025-07-11 06:00:00
ORD-00767,CUST-0114,shipped,223.56,2025-07-11 12:00:00
ORD-00768,CUST-0200,open,134.1,2025-07-11 18:00:00
ORD-00769,CUST-0103,closed,183.76,2025-07-12 00:00:00
ORD-00770,CUST-0071,shipped,142.68,2025-07-12 06:00:00
ORD-00771,CUST-0065,closed,185.47,2025-07-12 12:00:00
ORD-00772,CUST-0090,shipped,264.1,2025-07-12 18:00:00
ORD-00773,CUST-0186,open,138.9,2025-07-13 00:00:00
ORD-00774,CUST-0075,shipped,159.54,2025-07-13 06:00:00
ORD-00775,CUST-0050,shipped,131.62,2025-07-13 12:00:00
ORD-00776,CUST-0117,closed,232.47,2025-07-13 18:00:00
ORD-00777,CUST-0155,closed,118.46,2025-07-14 00:00:00
ORD-00778,CUST-0190,open,112.02,2025-07-14 06:00:00
ORD-00779,CUST-0057,closed,96.74,2025-07-14 12:00:00
ORD-00780,CUST-0178,open,95.49,2025-07-14 18:00:00
ORD-00781,CUST-0172,shipped,208.25,2025-07-15 00:00:00
ORD-00782,CUST-0076,shipped,334.15,2025-07-15 06:00:00
ORD-00783,CUST-0068,shipped,120.28,2025-07-15 12:00:00
ORD-00784,CUST-0054,shipped,237.09,2025-07-15 18:00:00
ORD-00785,CUST-0064,shipped,195.07,2025-07-16 00:00:00
ORD-00786,CUST-0177,shipped,113.88,2025-07-16 06:00:00
ORD-00787,CUST-0063,shipped,163.4,2025-07-16 12:00:00
ORD-00788,CUST-0099,shipped,166.02,2025-07-16 18:00:00
ORD-00789,CUST-0187,shipped,138.56,2025-07-17 00:00:00
ORD-00790,CUST-0138,shipped,295.84,2025-07-17 06:00:00
ORD-00791,CUST-0027,shipped,65.63,2025-07-17 12:00:00
ORD-00792,CUST-0015,shipped,202.86,2025-07-17 18:00:00
ORD-00793,CUST-0045,shipped,199.89,2025-07-18 00:00:00
ORD-00794,CUST-0174,shipped,145.22,2025-07-18 06:00:00
ORD-00795,CUST-0046,open,188.97,2025-07-18 12:00:00
ORD-00796,CUST-0063,shipped,232.66,2025-07-18 18:00:00
ORD-00797,CUST-0109,open,189.16,2025-07-19 00:00:00
ORD-00798,CUST-0099,shipped,205.04,2025-07-19 06:00:00
ORD-00799,CUST-0016,open,221.57,2025-07-19 12:00:00
ORD-00800,,shipped,58.08,2025-07-19 18:00:00
ORD-00801,CUST-0199,closed,268.7,2025-07-20 00:00:00
ORD-00802,CUST-0085,shipped,316.7,2025-07-20 06:00:00
ORD-00803,CUST-0056,open,238.85,2025-07-20 12:00:00
ORD-00804,CUST-0166,shipped,240.82,2025-07-20 18:00:00
ORD-00805,CUST-0094,open,95.51,2025-07-21 00:00:00
ORD-00806,CUST-0166,closed,172.89,2025-07-21 06:00:00
ORD-00807,CUST-0032,open,131.28,2025-07-21 12:00:00
ORD-00808,CUST-0095,shipped,144.77,2025-07-21 18:00:00
ORD-00809,CUST-0163,shipped,238.02,2025-07-22 00:00:00
ORD-00810,CUST-0154,open,131.77,2025-07-22 06:00:00
ORD-00811,CUST-0136,shipped,172.19,2025-07-22 12:00:00
ORD-00812,CUST-0092,open,65.49,2025-07-22 18:00:00
ORD-00813,CUST-0165,closed,170.49,2025-07-23 00:00:00
ORD-00814,CUST-0075,closed,185.4,2025-07-23 06:00:00
ORD-00815,CUST-0132,shipped,137.71,2025-07-23 12:00:00
ORD-00816,CUST-0110,closed,136.81,2025-07-23 18:00:00
ORD-00817,CUST-0061,open,293.19,2025-07-24 00:00:00
ORD-00818,CUST-0041,shipped,107.42,2025-07-24 06:00:00
ORD-00819,CUST-0107,shipped,116.96,2025-07-24 12:00:00
ORD-00820,CUST-0064,open,131.46,2025-07-24 18:00:00
ORD-00821,CUST-0104,closed,251.93,2025-07-25 00:00:00
ORD-00822,CUST-0142,closed,306.09,2025-07-25 06:00:00
ORD-00823,CUST-0161,open,199.93,2025-07-25 12:00:00
ORD-00824,CUST-0155,open,136.96,2025-07-25 18:00:00
ORD-00825,CUST-0103,closed,154.34,2025-07-26 00:00:00
ORD-00826,CUST-0012,closed,243.89,2025-07-26 06:00:00
ORD-00827,CUST-0037,shipped,125.34,2025-07-26 12:00:00
ORD-00828,CUST-0147,closed,267.18,2025-07-26 18:00:00
ORD-00829,CUST-0120,closed,264.99,2025-07-27 00:00:00
ORD-00830,CUST-0164,closed,184.21,2025-07-27 06:00:00
ORD-00831,CUST-0099,shipped,218.77,2025-07-27 12:00:00
ORD-00832,CUST-0090,open,224.98,2025-07-27 18:00:00
ORD-00833,CUST-0049,shipped,273.25,2025-07-28 00:00:00
ORD-00834,CUST-0013,shipped,116.91,2025-07-28 06:00:00
ORD-00835,CUST-0029,closed,250.87,2025-07-28 12:00:00
ORD-00836,CUST-0137,shipped,157.49,2025-07-28 18:00:00
ORD-00837,CUST-0116,shipped,133.93,2025-07-29 00:00:00
ORD-00838,CUST-0050,open,186.16,2025-07-29 06:00:00
ORD-00839,CUST-0073,shipped,167.14,2025-07-29 12:00:00
ORD-00840,CUST-0129,shipped,120.75,2025-07-29 18:00:00
ORD-00841,CUST-0077,closed,84.16,2025-07-30 00:00:00
ORD-00842,CUST-0076,open,123.47,2025-07-30 06:00:00
ORD-00843,CUST-0055,shipped,267.14,2025-07-30 12:00:00
ORD-00844,CUST-0128,shipped,297.75,2025-07-30 18:00:00
ORD-00845,CUST-0179,shipped,219.01,2025-07-31 00:00:00
ORD-00846,CUST-0052,open,251.16,2025-07-31 06:00:00
ORD-00847,CUST-0059,shipped,148.99,2025-07-31 12:00:00
ORD-00848,CUST-0096,closed,175.37,2025-07-31 18:00:00
ORD-00849,CUST-0039,open,196.97,2025-08-01 00:00:00
ORD-00850,CUST-0105,open,115.12,2025-08-01 06:00:00
ORD-00851,CUST-0178,shipped,120.6,2025-08-01 12:00:00
ORD-00852,CUST-0127,open,185.83,2025-08-01 18:00:00
ORD-00853,CUST-0033,closed,160.78,2025-08-02 00:00:00
ORD-00854,CUST-0041,closed,116.19,2025-08-02 06:00:00
ORD-00855,CUST-0016,closed,203.19,2025-08-02 12:00:00
ORD-00856,CUST-0193,closed,164.2,2025-08-02 18:00:00
ORD-00857,CUST-0070,shipped,241.28,2025-08-03 00:00:00
ORD-00858,CUST-0058,open,179.69,2025-08-03 06:00:00
ORD-00859,CUST-0172,closed,161.98,2025-08-03 12:00:00
ORD-00860,CUST-0062,closed,187.66,2025-08-03 18:00:00
ORD-00861,CUST-0047,closed,169.68,2025-08-04 00:00:00
ORD-00862,CUST-0052,shipped,139.92,2025-08-04 06:00:00
ORD-00863,CUST-0080,closed,155.88,2025-08-04 12:00:00
ORD-00864,CUST-0014,open,224.97,2025-08-04 18:00:00
ORD-00865,CUST-0129,shipped,218.79,2025-08-05 00:00:00
ORD-00866,CUST-0085,shipped,257.17,2025-08-05 06:00:00
ORD-00867,CUST-0195,shipped,78.42,2025-08-05 12:00:00
ORD-00868,CUST-0155,shipped,156.41,2025-08-05 18:00:00
ORD-00869,CUST-0077,open,155.13,2025-08-06 00:00:00
ORD-00870,CUST-0142,shipped,190.31,2025-08-06 06:00:00
ORD-00871,CUST-0162,shipped,152.87,2025-08-06 12:00:00
ORD-00872,CUST-0040,shipped,149.21,2025-08-06 18:00:00
ORD-00873,CUST-0032,closed,226.98,2025-08-07 00:00:00
ORD-00874,CUST-0028,shipped,190.69,2025-08-07 06:00:00
ORD-00875,CUST-0010,shipped,110.02,2025-08-07 12:00:00
ORD-00876,CUST-0065,closed,260.07,2025-08-07 18:00:00
ORD-00877,CUST-0159,open,239.81,2025-08-08 00:00:00
ORD-00878,CUST-0154,shipped,145.56,2025-08-08 06:00:00
ORD-00879,CUST-0076,open,229.88,2025-08-08 12:00:00
ORD-00880,CUST-0098,shipped,135.89,2025-08-08 18:00:00
ORD-00881,CUST-0154,closed,247.54,2025-08-09 00:00:00
ORD-00882,CUST-0185,open,166.93,2025-08-09 06:00:00
ORD-00883,CUST-0057,closed,131.83,2025-08-09 12:00:00
ORD-00884,CUST-0132,closed,157.61,2025-08-09 18:00:00
ORD-00885,CUST-0119,shipped,134.05,2025-08-10 00:00:00
ORD-00886,CUST-0125,closed,191.53,2025-08-10 06:00:00
ORD-00887,CUST-0161,shipped,190.51,2025-08-10 12:00:00
ORD-00888,CUST-0154,shipped,182.15,2025-08-10 18:00:00
ORD-00889,CUST-0080,shipped,146.6,2025-08-11 00:00:00
ORD-00890,CUST-0151,open,-39.66,2025-08-11 06:00:00
ORD-00891,CUST-0011,shipped,185.57,2025-08-11 12:00:00
ORD-00892,CUST-0069,shipped,66.23,2025-08-11 18:00:00
ORD-00893,CUST-0044,closed,194.65,2025-08-12 00:00:00
ORD-00894,CUST-0052,shipped,247.85,2025-08-12 06:00:00
ORD-00895,CUST-0181,open,196.43,2025-08-12 12:00:00
ORD-00896,CUST-0088,closed,156.63,2025-08-12 18:00:00
ORD-00897,CUST-0015,open,169.21,2025-08-13 00:00:00
ORD-00898,CUST-0098,closed,172.02,2025-08-13 06:00:00
ORD-00899,CUST-0014,closed,147.05,2025-08-13 12:00:00
ORD-00900,CUST-0029,shipped,144.97,2025-08-13 18:00:00
